1,Волкова,Анна,Сергеевна,volkova@kancmail.com,aB3#9fG,1
2,Котов,Илья,Дмитриевич,kotov@kancmail.com,xY7@2pL,1
3,Смирнова,Ольга,Петровна,smirnova@kancmail.com,mN5!1qW,2
4,Новиков,Денис,Игоревич,novikov@kancmail.com,rT8*4zV,2
5,Захарова,Елена,Викторовна,zaharova@kancmail.com,kP2&6sD,2
6,Белов,Артем,Александрович,belov@clientmail.ru,hJ9@3gF,3
7,Григорьева,Мария,Павловна,grigorieva@clientmail.ru,cV4#7nK,3
8,Тимофеев,Сергей,Олегович,timofeev@clientmail.ru,fR1*8tM,3
9,Кузнецова,Анастасия,Ильинична,kuznetsova@clientmail.ru,qW5!2bX,3
10,Федоров,Павел,Максимович,fedorov@clientmail.ru,zL6@9yH,3
